run_id,LNRegressor,LinearModell0,LinearModell1,RandomForestRegressor,XGBoostRegressor
0,"([np.int64(31), np.int64(207), np.int64(220), np.int64(237), np.int64(239)], np.float64(25.703693240941284))","([np.int64(31), np.int64(207), np.int64(220), np.int64(237), np.int64(239)], np.float64(0.7943396190894826))","([np.int64(31), np.int64(207), np.int64(220), np.int64(237), np.int64(239)], np.float64(23.498099090207877))","([np.int64(31), np.int64(41), np.int64(207), np.int64(220), np.int64(239)], np.float64(19.90531986713557))","([np.int64(220)], np.float64(64.20957795076146))"
1,"([np.int64(4), np.int64(38), np.int64(57), np.int64(62), np.int64(64), np.int64(66), np.int64(73), np.int64(87), np.int64(102), np.int64(115), np.int64(121), np.int64(168), np.int64(181), np.int64(183), np.int64(184), np.int64(202), np.int64(233), np.int64(245)], np.float64(1.7039235888859143))","([np.int64(4), np.int64(181), np.int64(183), np.int64(202), np.int64(233)], np.float64(4.589353684011588))","([np.int64(4), np.int64(181), np.int64(202), np.int64(233)], np.float64(22.145211009069868))","([np.int64(4), np.int64(142), np.int64(175), np.int64(202), np.int64(233)], np.float64(25.98910162276089))","([np.int64(181), np.int64(233)], np.float64(55.30248712873737))"
2,"([np.int64(0), np.int64(9), np.int64(53), np.int64(164), np.int64(169), np.int64(223)], np.float64(2.598746598648122))","([np.int64(9), np.int64(53), np.int64(164), np.int64(169), np.int64(223)], np.float64(0.10755730620894306))","([np.int64(9), np.int64(53), np.int64(169), np.int64(223)], np.float64(25.80455212152623))","([np.int64(9), np.int64(46), np.int64(53), np.int64(113), np.int64(169), np.int64(223), np.int64(239)], np.float64(23.828982268229492))","([np.int64(53), np.int64(190), np.int64(223)], np.float64(44.64939703226143))"
3,"([np.int64(15), np.int64(138), np.int64(148), np.int64(190), np.int64(219), np.int64(224)], np.float64(2.3605747580193848))","([np.int64(15), np.int64(138), np.int64(148), np.int64(219), np.int64(224)], np.float64(0.1338138730100161))","([np.int64(15), np.int64(138), np.int64(148), np.int64(219), np.int64(224)], np.float64(22.23651054969025))","([np.int64(15), np.int64(22), np.int64(127), np.int64(138), np.int64(148), np.int64(224)], np.float64(18.79796906164498))","([np.int64(15), np.int64(54), np.int64(76), np.int64(148), np.int64(236)], np.float64(54.530899951852064))"
4,"([np.int64(1), np.int64(6), np.int64(8), np.int64(22), np.int64(30), np.int64(31), np.int64(32), np.int64(33), np.int64(37), np.int64(39), np.int64(40), np.int64(41), np.int64(48), np.int64(52), np.int64(55), np.int64(57), np.int64(59), np.int64(60), np.int64(68), np.int64(82), np.int64(95), np.int64(97), np.int64(102), np.int64(103), np.int64(109), np.int64(120), np.int64(125), np.int64(127), np.int64(130), np.int64(131), np.int64(134), np.int64(137), np.int64(139), np.int64(140), np.int64(149), np.int64(150), np.int64(151), np.int64(153), np.int64(155), np.int64(158), np.int64(167), np.int64(177), np.int64(179), np.int64(181), np.int64(184), np.int64(189), np.int64(191), np.int64(192), np.int64(194), np.int64(199), np.int64(210), np.int64(217), np.int64(230), np.int64(231), np.int64(239), np.int64(242), np.int64(243)], np.float64(1.3692852158309132))","([np.int64(55), np.int64(59), np.int64(139), np.int64(181), np.int64(239)], np.float64(0.22265876799204504))","([np.int64(55), np.int64(59), np.int64(139), np.int64(181), np.int64(239)], np.float64(6.521278942389934))","([np.int64(55), np.int64(59), np.int64(139), np.int64(181), np.int64(239)], np.float64(11.182933123606686))","([], np.float64(42.33213248414935))"
5,"([np.int64(28), np.int64(52), np.int64(53), np.int64(73), np.int64(166), np.int64(170), np.int64(198), np.int64(242)], np.float64(1.5862681108343297))","([np.int64(52), np.int64(73), np.int64(166), np.int64(170), np.int64(242)], np.float64(0.04966136387233438))","([np.int64(73), np.int64(166), np.int64(170)], np.float64(42.33840404976126))","([np.int64(71), np.int64(160), np.int64(166), np.int64(170), np.int64(242)], np.float64(26.77568586949811))","([np.int64(166), np.int64(211), np.int64(242)], np.float64(42.230265183221725))"
6,"([np.int64(15), np.int64(18), np.int64(21), np.int64(25), np.int64(27), np.int64(31), np.int64(41), np.int64(42), np.int64(67), np.int64(83), np.int64(85), np.int64(91), np.int64(102), np.int64(105), np.int64(130), np.int64(140), np.int64(141), np.int64(146), np.int64(156), np.int64(157), np.int64(163), np.int64(168), np.int64(172), np.int64(182), np.int64(188), np.int64(195), np.int64(202), np.int64(205), np.int64(207), np.int64(212), np.int64(218), np.int64(228), np.int64(231), np.int64(235), np.int64(237)], np.float64(0.8122939902928943))","([np.int64(41), np.int64(105), np.int64(130), np.int64(168), np.int64(205)], np.float64(1.0235110949033694))","([np.int64(41), np.int64(105), np.int64(130), np.int64(168), np.int64(205)], np.float64(7.122948842853737))","([np.int64(41), np.int64(42), np.int64(92), np.int64(105), np.int64(130), np.int64(141), np.int64(146), np.int64(168), np.int64(205), np.int64(212), np.int64(222)], np.float64(22.718054428081086))","([], np.float64(42.5755324077744))"
7,"([np.int64(9), np.int64(67), np.int64(130), np.int64(162), np.int64(215), np.int64(241)], np.float64(2.4808593857130616))","([np.int64(9), np.int64(67), np.int64(162), np.int64(215), np.int64(241)], np.float64(0.20666780729630163))","([np.int64(9), np.int64(67), np.int64(162), np.int64(215), np.int64(241)], np.float64(11.526966975062756))","([np.int64(9), np.int64(67), np.int64(122), np.int64(130), np.int64(131), np.int64(162), np.int64(215), np.int64(241)], np.float64(16.2627272827991))","([], np.float64(44.56033626816167))"
8,"([np.int64(59), np.int64(188), np.int64(192), np.int64(205), np.int64(238)], np.float64(2.736316107572844))","([np.int64(59), np.int64(188), np.int64(192), np.int64(205), np.int64(238)], np.float64(1.4230233268490349))","([np.int64(188), np.int64(192), np.int64(205), np.int64(238)], np.float64(34.63602019143147))","([np.int64(62), np.int64(117), np.int64(188), np.int64(192), np.int64(238)], np.float64(27.608855630909538))","([np.int64(188), np.int64(238)], np.float64(44.132011371003806))"
9,"([np.int64(15), np.int64(91), np.int64(115), np.int64(121), np.int64(125), np.int64(197), np.int64(198)], np.float64(1.6562078107843918))","([np.int64(15), np.int64(115), np.int64(121), np.int64(125), np.int64(197), np.int64(198)], np.float64(0.5092325475338998))","([np.int64(15), np.int64(115), np.int64(121), np.int64(125), np.int64(197)], np.float64(8.7349746316136))","([np.int64(13), np.int64(15), np.int64(115), np.int64(121), np.int64(125)], np.float64(17.923417011372077))","([np.int64(125)], np.float64(60.84599881951163))"
10,"([np.int64(7), np.int64(32), np.int64(35), np.int64(91), np.int64(92), np.int64(184)], np.float64(1.5366379481042869))","([np.int64(7), np.int64(32), np.int64(35), np.int64(91), np.int64(184), np.int64(223)], np.float64(0.11467480750884636))","([np.int64(35), np.int64(92), np.int64(184)], np.float64(36.6160057228511))","([np.int64(7), np.int64(12), np.int64(35), np.int64(92), np.int64(110), np.int64(151), np.int64(167), np.int64(180), np.int64(184)], np.float64(30.681290503517825))","([], np.float64(41.77961453436463))"
11,"([np.int64(39), np.int64(81), np.int64(94), np.int64(114), np.int64(143), np.int64(172)], np.float64(6.232373938484192))","([np.int64(39), np.int64(81), np.int64(94), np.int64(143), np.int64(172)], np.float64(0.10053508512247815))","([np.int64(39), np.int64(94), np.int64(143), np.int64(172)], np.float64(38.83347408087519))","([np.int64(27), np.int64(39), np.int64(94), np.int64(123), np.int64(143), np.int64(172), np.int64(193)], np.float64(28.045580289890967))","([np.int64(143)], np.float64(74.09812171961526))"
12,"([np.int64(21), np.int64(30), np.int64(59), np.int64(159), np.int64(174)], np.float64(1.3853111700454546))","([np.int64(21), np.int64(30), np.int64(59), np.int64(159), np.int64(174)], np.float64(0.2994778523015468))","([np.int64(21), np.int64(30), np.int64(59), np.int64(159), np.int64(174)], np.float64(3.96670508359796))","([np.int64(18), np.int64(21), np.int64(30), np.int64(59), np.int64(135), np.int64(146), np.int64(159), np.int64(177)], np.float64(20.97044589025882))","([np.int64(18), np.int64(19), np.int64(21), np.int64(59), np.int64(204), np.int64(242)], np.float64(48.348536106612))"
13,"([np.int64(36), np.int64(122), np.int64(149), np.int64(170), np.int64(221)], np.float64(2.18872182963943))","([np.int64(36), np.int64(122), np.int64(149), np.int64(170), np.int64(221)], np.float64(1.8240522609501109))","([np.int64(36), np.int64(122), np.int64(149), np.int64(170), np.int64(221)], np.float64(5.660837717232878))","([np.int64(36), np.int64(122), np.int64(146), np.int64(149), np.int64(211), np.int64(221)], np.float64(19.529268443887222))","([np.int64(128), np.int64(149), np.int64(170), np.int64(179), np.int64(221), np.int64(244)], np.float64(40.43488035058712))"
14,"([np.int64(76), np.int64(88), np.int64(101), np.int64(137), np.int64(168)], np.float64(9.502921428815288))","([np.int64(76), np.int64(88), np.int64(101), np.int64(137), np.int64(168), np.int64(233)], np.float64(2.006042730470024))","([np.int64(76), np.int64(88), np.int64(101), np.int64(137), np.int64(168)], np.float64(11.289784164193296))","([np.int64(49), np.int64(51), np.int64(71), np.int64(76), np.int64(88), np.int64(101), np.int64(104), np.int64(137), np.int64(168), np.int64(200)], np.float64(20.255142104516715))","([], np.float64(45.9017949792608))"
15,"([np.int64(63), np.int64(148), np.int64(197), np.int64(200), np.int64(247)], np.float64(2.616243438034113))","([np.int64(63), np.int64(148), np.int64(197), np.int64(200), np.int64(247)], np.float64(0.268911625774062))","([np.int64(63), np.int64(148), np.int64(197), np.int64(247)], np.float64(29.181216739918735))","([np.int64(53), np.int64(63), np.int64(105), np.int64(108), np.int64(148), np.int64(161), np.int64(197), np.int64(208), np.int64(247)], np.float64(28.262788423235627))","([], np.float64(48.01290210753342))"
16,"([np.int64(4), np.int64(12), np.int64(19), np.int64(23), np.int64(39), np.int64(40), np.int64(42), np.int64(45), np.int64(62), np.int64(67), np.int64(70), np.int64(71), np.int64(76), np.int64(85), np.int64(94), np.int64(100), np.int64(102), np.int64(122), np.int64(129), np.int64(142), np.int64(145), np.int64(146), np.int64(149), np.int64(156), np.int64(160), np.int64(162), np.int64(167), np.int64(170), np.int64(171), np.int64(182), np.int64(198), np.int64(207), np.int64(216), np.int64(226), np.int64(227), np.int64(228), np.int64(233), np.int64(237), np.int64(241)], np.float64(1.4493611899964436))","([np.int64(40), np.int64(100), np.int64(171), np.int64(198), np.int64(216)], np.float64(0.40722283830616074))","([np.int64(40), np.int64(100), np.int64(198)], np.float64(37.62221206442434))","([np.int64(40), np.int64(100), np.int64(171), np.int64(198), np.int64(208), np.int64(222)], np.float64(20.043906929340405))","([np.int64(40), np.int64(100), np.int64(211), np.int64(216)], np.float64(35.09141534802834))"
17,"([np.int64(52), np.int64(84), np.int64(135), np.int64(147), np.int64(221), np.int64(225)], np.float64(2.2370607773358775))","([np.int64(52), np.int64(84), np.int64(135), np.int64(147), np.int64(221)], np.float64(0.2726025903189015))","([np.int64(52), np.int64(84), np.int64(135), np.int64(147), np.int64(221)], np.float64(5.788967536625176))","([np.int64(27), np.int64(52), np.int64(84), np.int64(135), np.int64(147), np.int64(172)], np.float64(18.416269887448088))","([np.int64(86), np.int64(147), np.int64(172), np.int64(179), np.int64(180)], np.float64(60.979402239075505))"
18,"([np.int64(49), np.int64(90), np.int64(92), np.int64(119), np.int64(248)], np.float64(2.6914505550419845))","([np.int64(49), np.int64(90), np.int64(92), np.int64(119), np.int64(205), np.int64(248)], np.float64(1.4256526589307081))","([np.int64(49), np.int64(90), np.int64(92), np.int64(119), np.int64(248)], np.float64(3.0482276091892637))","([np.int64(7), np.int64(49), np.int64(90), np.int64(92), np.int64(119), np.int64(227), np.int64(248)], np.float64(25.789806565826225))","([np.int64(90), np.int64(92)], np.float64(47.57589643659263))"
19,"([np.int64(131), np.int64(133), np.int64(149), np.int64(166), np.int64(173), np.int64(192)], np.float64(3.5051913896212614))","([np.int64(133), np.int64(149), np.int64(166), np.int64(173), np.int64(192)], np.float64(0.12043573702526995))","([np.int64(133), np.int64(149), np.int64(166), np.int64(173), np.int64(192)], np.float64(6.139010134498282))","([np.int64(11), np.int64(39), np.int64(133), np.int64(149), np.int64(166), np.int64(173), np.int64(192)], np.float64(15.494130738660823))","([np.int64(149)], np.float64(70.54555348673881))"
20,"([np.int64(87), np.int64(164), np.int64(176), np.int64(205), np.int64(206)], np.float64(1.947966066165959))","([np.int64(87), np.int64(164), np.int64(176), np.int64(205), np.int64(206)], np.float64(0.10442721773232952))","([np.int64(87), np.int64(164), np.int64(176), np.int64(205), np.int64(206)], np.float64(2.960619844195248))","([np.int64(87), np.int64(164), np.int64(176), np.int64(205), np.int64(206)], np.float64(13.671351251909364))","([], np.float64(43.738069461214835))"
21,"([np.int64(9), np.int64(24), np.int64(118), np.int64(166), np.int64(179)], np.float64(4.620775036509939))","([np.int64(9), np.int64(24), np.int64(118), np.int64(166), np.int64(179)], np.float64(0.1957143674871138))","([np.int64(9), np.int64(24), np.int64(166), np.int64(179)], np.float64(26.56249007602781))","([np.int64(9), np.int64(24), np.int64(117), np.int64(121), np.int64(130), np.int64(166), np.int64(179)], np.float64(22.270387090761893))","([np.int64(166)], np.float64(69.26187295634446))"
22,"([np.int64(69), np.int64(130), np.int64(151), np.int64(187), np.int64(213)], np.float64(3.917619262441388))","([np.int64(69), np.int64(130), np.int64(151), np.int64(187), np.int64(213)], np.float64(1.004396591669834))","([np.int64(69), np.int64(130), np.int64(151), np.int64(187), np.int64(213)], np.float64(5.671203855443888))","([np.int64(69), np.int64(126), np.int64(128), np.int64(130), np.int64(141), np.int64(151), np.int64(213), np.int64(219)], np.float64(22.943942646234188))","([np.int64(69), np.int64(130)], np.float64(43.93586401896091))"
23,"([np.int64(8), np.int64(61), np.int64(149), np.int64(176), np.int64(203)], np.float64(24.621110198091202))","([np.int64(8), np.int64(61), np.int64(149), np.int64(176), np.int64(203)], np.float64(1.194229991402228))","([np.int64(8), np.int64(176), np.int64(203)], np.float64(36.21905023054041))","([np.int64(8), np.int64(61), np.int64(135), np.int64(160), np.int64(176), np.int64(203)], np.float64(22.016481159962893))","([np.int64(160), np.int64(176), np.int64(203), np.int64(238)], np.float64(38.857616218162626))"
24,"([np.int64(31), np.int64(57), np.int64(102), np.int64(202), np.int64(213), np.int64(228)], np.float64(1.4219798719061443))","([np.int64(57), np.int64(102), np.int64(202), np.int64(213), np.int64(228)], np.float64(0.345009379896826))","([np.int64(57), np.int64(102), np.int64(202), np.int64(213), np.int64(228)], np.float64(6.459341912455813))","([np.int64(57), np.int64(102), np.int64(184), np.int64(202), np.int64(213), np.int64(228)], np.float64(14.13262255959888))","([], np.float64(44.919264055234095))"
25,"([np.int64(13), np.int64(22), np.int64(36), np.int64(56), np.int64(248)], np.float64(2.895428541244779))","([np.int64(13), np.int64(22), np.int64(36), np.int64(56), np.int64(248)], np.float64(0.4993515315185993))","([np.int64(13), np.int64(22), np.int64(36), np.int64(56), np.int64(248)], np.float64(2.5968053762601304))","([np.int64(13), np.int64(22), np.int64(36), np.int64(56), np.int64(155), np.int64(159), np.int64(248)], np.float64(15.757997853273807))","([], np.float64(44.71511386956286))"
26,"([np.int64(5), np.int64(63), np.int64(70), np.int64(76), np.int64(103), np.int64(147), np.int64(174), np.int64(232), np.int64(242)], np.float64(3.746870714821077))","([np.int64(63), np.int64(76), np.int64(174), np.int64(232), np.int64(242)], np.float64(0.420456153242254))","([np.int64(63), np.int64(174), np.int64(232), np.int64(242)], np.float64(34.4547158119687))","([np.int64(63), np.int64(118), np.int64(174), np.int64(188), np.int64(242)], np.float64(27.69214701784616))","([np.int64(174), np.int64(242)], np.float64(41.46177654442894))"
27,"([np.int64(54), np.int64(55), np.int64(64), np.int64(81), np.int64(146)], np.float64(4.589037288976166))","([np.int64(54), np.int64(55), np.int64(64), np.int64(81), np.int64(146)], np.float64(0.49045621194680156))","([np.int64(54), np.int64(55), np.int64(64), np.int64(81), np.int64(146)], np.float64(29.907227646056256))","([np.int64(9), np.int64(54), np.int64(55), np.int64(64), np.int64(72), np.int64(81), np.int64(111), np.int64(163), np.int64(192)], np.float64(30.024383693134144))","([np.int64(9), np.int64(54), np.int64(55), np.int64(111), np.int64(115), np.int64(119), np.int64(130), np.int64(192)], np.float64(49.22596616467489))"
28,"([np.int64(10), np.int64(42), np.int64(48), np.int64(134), np.int64(229)], np.float64(4.323895366116733))","([np.int64(10), np.int64(42), np.int64(48), np.int64(134), np.int64(229)], np.float64(2.1765819900578256))","([np.int64(10), np.int64(42), np.int64(48), np.int64(229)], np.float64(33.797997169510815))","([np.int64(10), np.int64(42), np.int64(48), np.int64(54), np.int64(69), np.int64(229)], np.float64(21.66269486243903))","([], np.float64(48.62138889322869))"
29,"([np.int64(127), np.int64(161), np.int64(186), np.int64(194), np.int64(223)], np.float64(3.5645241947109496))","([np.int64(127), np.int64(161), np.int64(186), np.int64(194), np.int64(223)], np.float64(0.9037806443895037))","([np.int64(127), np.int64(161), np.int64(186)], np.float64(30.912697356370277))","([np.int64(69), np.int64(127), np.int64(186), np.int64(225)], np.float64(33.6414765083862))","([np.int64(186)], np.float64(77.67604594235092))"
30,"([np.int64(55), np.int64(61), np.int64(69), np.int64(106), np.int64(127)], np.float64(5.410873893565417))","([np.int64(55), np.int64(61), np.int64(69), np.int64(106), np.int64(127)], np.float64(0.3494591371741908))","([np.int64(55), np.int64(61), np.int64(69), np.int64(106), np.int64(127)], np.float64(2.2986419268414826))","([np.int64(55), np.int64(61), np.int64(67), np.int64(69), np.int64(106), np.int64(127), np.int64(182)], np.float64(14.289625351282549))","([np.int64(55), np.int64(106), np.int64(127), np.int64(128), np.int64(186), np.int64(206), np.int64(223)], np.float64(38.5845398427016))"
31,"([], np.float64(45.30569960212128))","([np.int64(112), np.int64(129), np.int64(159), np.int64(161), np.int64(175)], np.float64(0.21629873208727093))","([np.int64(112), np.int64(129), np.int64(159), np.int64(161), np.int64(175)], np.float64(24.113602068562074))","([np.int64(112), np.int64(124), np.int64(129), np.int64(161), np.int64(175)], np.float64(18.53286545450152))","([np.int64(129), np.int64(161), np.int64(218)], np.float64(40.41215839112368))"
32,"([np.int64(35), np.int64(76), np.int64(202), np.int64(232), np.int64(246)], np.float64(2.721813561911986))","([np.int64(35), np.int64(76), np.int64(202), np.int64(232), np.int64(246)], np.float64(0.27932563050723264))","([np.int64(35), np.int64(76), np.int64(202), np.int64(232), np.int64(246)], np.float64(9.657600634659444))","([np.int64(8), np.int64(35), np.int64(202)], np.float64(41.162440620426935))","([np.int64(35), np.int64(144), np.int64(202)], np.float64(48.14046955114513))"
33,"([np.int64(19), np.int64(134), np.int64(144), np.int64(183), np.int64(225)], np.float64(0.8265909908502374))","([np.int64(19), np.int64(134), np.int64(144), np.int64(183), np.int64(225)], np.float64(1.879120948776536))","([np.int64(19), np.int64(134), np.int64(144), np.int64(183), np.int64(225)], np.float64(3.1999314801642176))","([np.int64(19), np.int64(134), np.int64(144), np.int64(181), np.int64(183), np.int64(202), np.int64(225)], np.float64(17.3648049491684))","([np.int64(183)], np.float64(66.39432900282743))"
34,"([np.int64(42), np.int64(98), np.int64(102), np.int64(111), np.int64(141), np.int64(167), np.int64(202), np.int64(248)], np.float64(1.878473249049779))","([np.int64(42), np.int64(111), np.int64(141), np.int64(167), np.int64(202)], np.float64(0.23792600237479153))","([np.int64(42), np.int64(141)], np.float64(43.296281740160666))","([np.int64(14), np.int64(42), np.int64(48), np.int64(49), np.int64(116), np.int64(141)], np.float64(40.55256811914928))","([np.int64(175)], np.float64(83.38389373642829))"
35,"([np.int64(41), np.int64(54), np.int64(78), np.int64(123), np.int64(175)], np.float64(4.512297357000613))","([np.int64(41), np.int64(54), np.int64(78), np.int64(123), np.int64(175)], np.float64(1.4590940936995536))","([np.int64(41), np.int64(54), np.int64(78), np.int64(123), np.int64(175)], np.float64(10.188903634339))","([np.int64(41), np.int64(54), np.int64(78), np.int64(175)], np.float64(18.461418691254714))","([], np.float64(45.284900831347365))"
36,"([np.int64(15), np.int64(66), np.int64(75), np.int64(167), np.int64(176), np.int64(178), np.int64(221)], np.float64(4.383703254714048))","([np.int64(15), np.int64(66), np.int64(75), np.int64(176), np.int64(178)], np.float64(0.650760021615612))","([np.int64(178)], np.float64(39.67215184723946))","([np.int64(15), np.int64(66), np.int64(75), np.int64(123), np.int64(176), np.int64(178), np.int64(233)], np.float64(18.90408486379255))","([np.int64(178)], np.float64(63.177409570414255))"
37,"([np.int64(54), np.int64(62), np.int64(70), np.int64(170), np.int64(183)], np.float64(1.3850160805131004))","([np.int64(54), np.int64(62), np.int64(70), np.int64(170), np.int64(183)], np.float64(1.4776118015692652))","([np.int64(54), np.int64(62), np.int64(70), np.int64(170), np.int64(183)], np.float64(5.628798957214369))","([np.int64(54), np.int64(62), np.int64(70), np.int64(124), np.int64(170), np.int64(183), np.int64(193)], np.float64(17.61375206120778))","([np.int64(62), np.int64(70), np.int64(73), np.int64(124), np.int64(126), np.int64(230)], np.float64(50.33340086279515))"
38,"([np.int64(32), np.int64(41), np.int64(125), np.int64(175), np.int64(202), np.int64(206)], np.float64(1.6250885936633173))","([np.int64(32), np.int64(41), np.int64(125), np.int64(202), np.int64(206)], np.float64(1.4408438711019154))","([np.int64(32), np.int64(41), np.int64(202), np.int64(206)], np.float64(34.03434474228905))","([np.int64(32), np.int64(78), np.int64(199), np.int64(202), np.int64(206), np.int64(224), np.int64(242)], np.float64(26.15118522928431))","([np.int64(32), np.int64(202), np.int64(235), np.int64(242)], np.float64(43.31992367360817))"
39,"([np.int64(0), np.int64(59), np.int64(90), np.int64(92), np.int64(149), np.int64(180), np.int64(242)], np.float64(4.236505527052446))","([np.int64(59), np.int64(90), np.int64(149), np.int64(180), np.int64(242)], np.float64(1.5029507105207522))","([np.int64(59), np.int64(149), np.int64(180)], np.float64(30.43445859845038))","([np.int64(0), np.int64(15), np.int64(59), np.int64(92), np.int64(149), np.int64(180), np.int64(210), np.int64(214), np.int64(242)], np.float64(23.929332780917115))","([np.int64(149), np.int64(210)], np.float64(52.81184794763284))"
40,"([np.int64(6), np.int64(106), np.int64(165), np.int64(233), np.int64(236)], np.float64(2.071530525037284))","([np.int64(6), np.int64(106), np.int64(165), np.int64(233), np.int64(236)], np.float64(0.17200050865344946))","([np.int64(6), np.int64(106), np.int64(165), np.int64(233), np.int64(236)], np.float64(3.949674421365753))","([np.int64(6), np.int64(93), np.int64(106), np.int64(109), np.int64(144), np.int64(165), np.int64(171), np.int64(233), np.int64(236)], np.float64(21.875021761411713))","([np.int64(106), np.int64(192), np.int64(236)], np.float64(42.90546209977637))"
41,"([np.int64(20), np.int64(22), np.int64(28), np.int64(40), np.int64(61), np.int64(72), np.int64(101), np.int64(113), np.int64(120), np.int64(143), np.int64(156), np.int64(160), np.int64(176), np.int64(188), np.int64(224)], np.float64(0.5910240433809582))","([np.int64(20), np.int64(101), np.int64(113), np.int64(156), np.int64(160)], np.float64(0.42036404571087294))","([np.int64(20), np.int64(101), np.int64(113), np.int64(156), np.int64(160)], np.float64(9.720152385583745))","([np.int64(20), np.int64(40), np.int64(101), np.int64(113), np.int64(156), np.int64(199)], np.float64(20.285237942460306))","([np.int64(101)], np.float64(60.95023146290613))"
42,"([np.int64(7), np.int64(42), np.int64(79), np.int64(104), np.int64(234)], np.float64(3.648467925027759))","([np.int64(7), np.int64(42), np.int64(79), np.int64(104), np.int64(234)], np.float64(0.5112814592414295))","([np.int64(7), np.int64(42), np.int64(79), np.int64(104), np.int64(234)], np.float64(5.8093723290749235))","([np.int64(7), np.int64(42), np.int64(104), np.int64(128), np.int64(234)], np.float64(18.583562654072235))","([np.int64(7), np.int64(42), np.int64(104), np.int64(211)], np.float64(39.50269374969722))"
43,"([np.int64(76), np.int64(158), np.int64(205), np.int64(229), np.int64(247)], np.float64(3.01523335460645))","([np.int64(47), np.int64(76), np.int64(158), np.int64(205), np.int64(229), np.int64(247)], np.float64(0.5306022899283024))","([np.int64(76), np.int64(158), np.int64(205), np.int64(229), np.int64(247)], np.float64(9.028421751793212))","([np.int64(76), np.int64(158), np.int64(205), np.int64(215), np.int64(229), np.int64(232), np.int64(244), np.int64(247)], np.float64(16.734547436523506))","([np.int64(76), np.int64(232)], np.float64(56.40506925454788))"
44,"([np.int64(0), np.int64(35), np.int64(59), np.int64(78), np.int64(211)], np.float64(3.157458622737838))","([np.int64(0), np.int64(35), np.int64(59), np.int64(78), np.int64(211)], np.float64(0.0469273399238551))","([np.int64(0), np.int64(35), np.int64(78), np.int64(211)], np.float64(27.042741704108042))","([np.int64(0), np.int64(1), np.int64(18), np.int64(35), np.int64(78), np.int64(204), np.int64(211), np.int64(222)], np.float64(24.711983417684397))","([np.int64(20), np.int64(35), np.int64(40), np.int64(211)], np.float64(44.79562682084429))"
45,"([np.int64(3), np.int64(62), np.int64(99), np.int64(105), np.int64(116), np.int64(129), np.int64(196)], np.float64(2.120373907197865))","([np.int64(62), np.int64(105), np.int64(116), np.int64(129), np.int64(196)], np.float64(0.6902414393157171))","([np.int64(129), np.int64(196)], np.float64(38.04002778371787))","([np.int64(3), np.int64(105), np.int64(116), np.int64(129), np.int64(196)], np.float64(21.901739308640778))","([], np.float64(43.38727030492281))"
46,"([np.int64(6), np.int64(8), np.int64(14), np.int64(25), np.int64(37), np.int64(43), np.int64(44), np.int64(62), np.int64(64), np.int64(68), np.int64(72), np.int64(87), np.int64(113), np.int64(114), np.int64(120), np.int64(124), np.int64(132), np.int64(148), np.int64(156), np.int64(160), np.int64(190), np.int64(191), np.int64(204), np.int64(221), np.int64(229), np.int64(232), np.int64(241), np.int64(243)], np.float64(0.9386491930335878))","([np.int64(37), np.int64(64), np.int64(124), np.int64(132), np.int64(232)], np.float64(0.14255631388033907))","([np.int64(124), np.int64(132), np.int64(232)], np.float64(33.90536755783897))","([np.int64(124), np.int64(132), np.int64(232)], np.float64(22.993857896591123))","([np.int64(232)], np.float64(70.86995142404643))"
47,"([np.int64(17), np.int64(32), np.int64(41), np.int64(44), np.int64(65), np.int64(66), np.int64(67), np.int64(91), np.int64(98), np.int64(102), np.int64(103), np.int64(105), np.int64(108), np.int64(137), np.int64(149), np.int64(169), np.int64(172), np.int64(180), np.int64(196), np.int64(197), np.int64(203), np.int64(216), np.int64(248)], np.float64(0.6269260773327435))","([np.int64(32), np.int64(65), np.int64(66), np.int64(67), np.int64(108)], np.float64(0.9074312082769741))","([np.int64(32), np.int64(65), np.int64(66), np.int64(67), np.int64(108)], np.float64(4.6808267717646554))","([np.int64(32), np.int64(65), np.int64(66), np.int64(67), np.int64(108), np.int64(229)], np.float64(12.948265536869277))","([], np.float64(44.73728526233514))"
48,"([np.int64(17), np.int64(69), np.int64(72), np.int64(81), np.int64(174), np.int64(233)], np.float64(3.0530254040934133))","([np.int64(17), np.int64(69), np.int64(81), np.int64(174), np.int64(233)], np.float64(0.10811653538655036))","([np.int64(17), np.int64(69), np.int64(81), np.int64(174), np.int64(233)], np.float64(8.021339549017963))","([np.int64(17), np.int64(69), np.int64(72), np.int64(81), np.int64(145), np.int64(215), np.int64(233)], np.float64(25.87161232193863))","([np.int64(72), np.int64(120), np.int64(215), np.int64(233)], np.float64(57.630974669700386))"
49,"([np.int64(2), np.int64(27), np.int64(34), np.int64(35), np.int64(46), np.int64(55), np.int64(62), np.int64(70), np.int64(72), np.int64(73), np.int64(78), np.int64(81), np.int64(98), np.int64(127), np.int64(130), np.int64(133), np.int64(140), np.int64(141), np.int64(156), np.int64(163), np.int64(168), np.int64(174), np.int64(178), np.int64(195), np.int64(203), np.int64(211), np.int64(220), np.int64(226), np.int64(227), np.int64(229), np.int64(239), np.int64(244), np.int64(247)], np.float64(0.37919387403810606))","([np.int64(72), np.int64(73), np.int64(127), np.int64(141), np.int64(195)], np.float64(0.05115661814707203))","([np.int64(72), np.int64(127), np.int64(141), np.int64(195)], np.float64(34.06195705256771))","([np.int64(72), np.int64(73), np.int64(127), np.int64(141), np.int64(195)], np.float64(12.610085587404717))","([], np.float64(45.27674865461496))"
50,"([], np.float64(45.60416612952552))","([np.int64(14), np.int64(40), np.int64(89), np.int64(98), np.int64(174), np.int64(185)], np.float64(0.8643177272448439))","([np.int64(14), np.int64(40), np.int64(98), np.int64(174), np.int64(185)], np.float64(5.127715621594104))","([np.int64(40), np.int64(56), np.int64(63), np.int64(93), np.int64(98), np.int64(174), np.int64(185), np.int64(222)], np.float64(29.184315570233178))","([np.int64(93), np.int64(174), np.int64(219)], np.float64(61.03455110253383))"
51,"([np.int64(100), np.int64(170), np.int64(196), np.int64(224), np.int64(230)], np.float64(1.0269881504696976))","([np.int64(100), np.int64(113), np.int64(170), np.int64(196), np.int64(224), np.int64(230)], np.float64(0.10980207005058147))","([np.int64(100), np.int64(170), np.int64(196), np.int64(224), np.int64(230)], np.float64(5.101002488508321))","([np.int64(73), np.int64(168), np.int64(170), np.int64(185), np.int64(196), np.int64(224), np.int64(230)], np.float64(25.926206297904237))","([np.int64(230)], np.float64(71.51598287710024))"
52,"([np.int64(21), np.int64(43), np.int64(47), np.int64(79), np.int64(111), np.int64(197), np.int64(215)], np.float64(1.7142583296851057))","([np.int64(21), np.int64(43), np.int64(47), np.int64(111), np.int64(215)], np.float64(0.7717919835985129))","([np.int64(21), np.int64(47), np.int64(111), np.int64(215)], np.float64(37.89158561781565))","([np.int64(43), np.int64(111), np.int64(197), np.int64(215)], np.float64(28.999063082755917))","([np.int64(111), np.int64(149), np.int64(215), np.int64(229)], np.float64(38.61950967597824))"
53,"([np.int64(2), np.int64(9), np.int64(10), np.int64(22), np.int64(28), np.int64(30), np.int64(34), np.int64(45), np.int64(52), np.int64(53), np.int64(67), np.int64(68), np.int64(74), np.int64(89), np.int64(92), np.int64(103), np.int64(104), np.int64(105), np.int64(107), np.int64(119), np.int64(126), np.int64(134), np.int64(136), np.int64(138), np.int64(139), np.int64(142), np.int64(144), np.int64(148), np.int64(153), np.int64(157), np.int64(165), np.int64(178), np.int64(182), np.int64(186), np.int64(189), np.int64(190), np.int64(194), np.int64(197), np.int64(203), np.int64(205), np.int64(209), np.int64(211), np.int64(227), np.int64(231), np.int64(240), np.int64(243), np.int64(244)], np.float64(1.4267488025666284))","([np.int64(30), np.int64(53), np.int64(103), np.int64(126), np.int64(182)], np.float64(0.7561353715787441))","([np.int64(30), np.int64(53), np.int64(126)], np.float64(32.13265722093833))","([np.int64(30), np.int64(53), np.int64(71), np.int64(126), np.int64(140), np.int64(182)], np.float64(31.969800731796983))","([np.int64(30), np.int64(71), np.int64(140)], np.float64(63.718506800743214))"
54,"([np.int64(51), np.int64(68), np.int64(93), np.int64(95), np.int64(124), np.int64(241)], np.float64(6.396869013419246))","([np.int64(51), np.int64(68), np.int64(95), np.int64(124), np.int64(241)], np.float64(0.39612441054484276))","([np.int64(68), np.int64(124), np.int64(241)], np.float64(34.008267480159574))","([np.int64(19), np.int64(26), np.int64(66), np.int64(68), np.int64(93), np.int64(124), np.int64(194), np.int64(241)], np.float64(33.68361575619135))","([np.int64(68), np.int64(124), np.int64(219), np.int64(232)], np.float64(40.781846190988006))"
55,"([np.int64(7), np.int64(10), np.int64(14), np.int64(15), np.int64(18), np.int64(22), np.int64(26), np.int64(27), np.int64(33), np.int64(38), np.int64(41), np.int64(43), np.int64(45), np.int64(50), np.int64(53), np.int64(54), np.int64(60), np.int64(64), np.int64(67), np.int64(68), np.int64(77), np.int64(78), np.int64(82), np.int64(91), np.int64(97), np.int64(100), np.int64(106), np.int64(109), np.int64(110), np.int64(121), np.int64(123), np.int64(124), np.int64(125), np.int64(145), np.int64(146), np.int64(148), np.int64(152), np.int64(158), np.int64(160), np.int64(167), np.int64(168), np.int64(171), np.int64(177), np.int64(189), np.int64(194), np.int64(195), np.int64(196), np.int64(207), np.int64(216)], np.float64(1.4509963377636437))","([np.int64(33), np.int64(110), np.int64(168), np.int64(177), np.int64(216)], np.float64(0.3655878276188674))","([np.int64(168)], np.float64(40.65534477644923))","([np.int64(33), np.int64(100), np.int64(168), np.int64(177), np.int64(216)], np.float64(20.311013704094215))","([np.int64(14), np.int64(96), np.int64(123), np.int64(168), np.int64(211)], np.float64(53.066378228073724))"
56,"([np.int64(22), np.int64(64), np.int64(80), np.int64(164), np.int64(175)], np.float64(1.4334765294965692))","([np.int64(22), np.int64(64), np.int64(80), np.int64(164), np.int64(175)], np.float64(0.1064569400584459))","([np.int64(22), np.int64(64), np.int64(80), np.int64(164), np.int64(175)], np.float64(4.4185918755544655))","([np.int64(64), np.int64(80), np.int64(164)], np.float64(23.571597565721337))","([np.int64(80), np.int64(95)], np.float64(60.428124581426275))"
57,"([np.int64(21), np.int64(60), np.int64(61), np.int64(130), np.int64(141), np.int64(142), np.int64(145), np.int64(151), np.int64(192), np.int64(206)], np.float64(1.5597578853887348))","([np.int64(21), np.int64(60), np.int64(61), np.int64(145), np.int64(151)], np.float64(0.07469300048348819))","([np.int64(61), np.int64(145), np.int64(151)], np.float64(37.98292030460864))","([np.int64(21), np.int64(60), np.int64(61), np.int64(145), np.int64(151), np.int64(173), np.int64(191), np.int64(208), np.int64(232)], np.float64(23.966049867898626))","([np.int64(60), np.int64(61), np.int64(158), np.int64(173), np.int64(211)], np.float64(45.86244543792547))"
58,"([np.int64(33), np.int64(55), np.int64(64), np.int64(208), np.int64(214)], np.float64(0.930173998965869))","([np.int64(33), np.int64(55), np.int64(64), np.int64(208), np.int64(214)], np.float64(0.17124555371322658))","([np.int64(33), np.int64(55), np.int64(64), np.int64(208), np.int64(214)], np.float64(4.802016686200541))","([np.int64(33), np.int64(55), np.int64(64), np.int64(97), np.int64(115), np.int64(208), np.int64(214), np.int64(224)], np.float64(19.991189073907428))","([np.int64(64), np.int64(189), np.int64(192), np.int64(195), np.int64(208), np.int64(224), np.int64(235)], np.float64(51.371760288416155))"
59,"([np.int64(7), np.int64(29), np.int64(35), np.int64(58), np.int64(92)], np.float64(10.320950521242445))","([np.int64(7), np.int64(29), np.int64(35), np.int64(58), np.int64(92)], np.float64(1.0105503413861003))","([np.int64(7), np.int64(29), np.int64(35), np.int64(58), np.int64(92)], np.float64(17.20912051632724))","([np.int64(7), np.int64(29), np.int64(35), np.int64(58), np.int64(87), np.int64(92), np.int64(207)], np.float64(21.20264685213998))","([np.int64(87), np.int64(92), np.int64(128), np.int64(172)], np.float64(64.43264438678085))"
60,"([np.int64(66), np.int64(79), np.int64(83), np.int64(104), np.int64(107)], np.float64(16.817258664596878))","([np.int64(66), np.int64(79), np.int64(83), np.int64(104), np.int64(107)], np.float64(0.3295209334562474))","([np.int64(66), np.int64(79), np.int64(83), np.int64(104), np.int64(107)], np.float64(16.41011045226009))","([np.int64(9), np.int64(66), np.int64(79), np.int64(83), np.int64(107), np.int64(128), np.int64(150), np.int64(187), np.int64(197)], np.float64(23.04030464464971))","([np.int64(66), np.int64(79), np.int64(107), np.int64(128), np.int64(199)], np.float64(32.63503119971026))"
61,"([np.int64(10), np.int64(20), np.int64(56), np.int64(101), np.int64(124)], np.float64(11.516072551614597))","([np.int64(10), np.int64(20), np.int64(56), np.int64(101), np.int64(124)], np.float64(0.6573516928913565))","([np.int64(10), np.int64(20), np.int64(56), np.int64(101), np.int64(124)], np.float64(10.339402558867857))","([np.int64(10), np.int64(20), np.int64(96), np.int64(101), np.int64(124), np.int64(245)], np.float64(20.15739565640972))","([np.int64(10), np.int64(101), np.int64(153), np.int64(200)], np.float64(45.951973023827044))"
62,"([np.int64(21), np.int64(24), np.int64(50), np.int64(82), np.int64(138), np.int64(226), np.int64(246)], np.float64(3.1829136333703163))","([np.int64(21), np.int64(24), np.int64(50), np.int64(138), np.int64(246)], np.float64(0.3596484292617303))","([np.int64(24), np.int64(50), np.int64(138)], np.float64(42.68866652383194))","([np.int64(24), np.int64(50), np.int64(138), np.int64(200), np.int64(246)], np.float64(25.12521710364279))","([np.int64(246)], np.float64(65.06379018961182))"
63,"([np.int64(38), np.int64(45), np.int64(120), np.int64(143), np.int64(148)], np.float64(2.71629902538008))","([np.int64(38), np.int64(45), np.int64(120), np.int64(143), np.int64(148)], np.float64(1.0748966621457594))","([np.int64(38), np.int64(45), np.int64(120), np.int64(143), np.int64(148)], np.float64(7.1165058523521125))","([np.int64(35), np.int64(38), np.int64(45), np.int64(90), np.int64(120), np.int64(143)], np.float64(23.002952718579646))","([], np.float64(42.176469827402215))"
64,"([np.int64(0), np.int64(29), np.int64(126), np.int64(134), np.int64(140), np.int64(141)], np.float64(1.6731554072080732))","([np.int64(0), np.int64(29), np.int64(134), np.int64(140), np.int64(141)], np.float64(0.6076292242279897))","([np.int64(0), np.int64(29), np.int64(31), np.int64(134), np.int64(140), np.int64(141)], np.float64(9.210633592379574))","([np.int64(0), np.int64(29), np.int64(31), np.int64(90), np.int64(99), np.int64(126), np.int64(134), np.int64(140), np.int64(141), np.int64(165)], np.float64(23.643025623616214))","([], np.float64(46.66277378600037))"
65,"([np.int64(20), np.int64(34), np.int64(41), np.int64(46), np.int64(228)], np.float64(1.8657327210078265))","([np.int64(20), np.int64(34), np.int64(41), np.int64(46), np.int64(228)], np.float64(0.4698756065126793))","([np.int64(20), np.int64(34), np.int64(41), np.int64(46), np.int64(228)], np.float64(4.694417439691817))","([np.int64(20), np.int64(34), np.int64(41), np.int64(101), np.int64(204), np.int64(228)], np.float64(18.259432575469848))","([], np.float64(44.107167486915806))"
66,"([np.int64(1), np.int64(7), np.int64(101), np.int64(124), np.int64(213), np.int64(220)], np.float64(4.245799427529095))","([np.int64(7), np.int64(101), np.int64(124), np.int64(213), np.int64(220)], np.float64(0.2657785943669543))","([np.int64(7), np.int64(101), np.int64(124), np.int64(213), np.int64(220)], np.float64(9.469474476750943))","([np.int64(7), np.int64(99), np.int64(124), np.int64(138), np.int64(213), np.int64(220)], np.float64(20.311080426148948))","([np.int64(124)], np.float64(73.71257636042722))"
67,"([np.int64(127), np.int64(140), np.int64(142), np.int64(157), np.int64(201), np.int64(222), np.int64(224)], np.float64(1.6846522350285222))","([np.int64(127), np.int64(140), np.int64(157), np.int64(222), np.int64(224)], np.float64(0.20943338390179184))","([np.int64(127), np.int64(140), np.int64(142), np.int64(157), np.int64(222), np.int64(224)], np.float64(8.78630965198598))","([np.int64(18), np.int64(45), np.int64(84), np.int64(127), np.int64(140), np.int64(157), np.int64(206), np.int64(222), np.int64(224)], np.float64(20.223839194325862))","([np.int64(127), np.int64(224), np.int64(242)], np.float64(39.64484454641021))"
68,"([np.int64(106), np.int64(127), np.int64(172), np.int64(179), np.int64(204)], np.float64(0.9329898771364751))","([np.int64(106), np.int64(127), np.int64(172), np.int64(179), np.int64(204)], np.float64(0.8384617267410852))","([np.int64(106), np.int64(127), np.int64(172), np.int64(179), np.int64(204)], np.float64(6.050686009305422))","([np.int64(5), np.int64(22), np.int64(106), np.int64(127), np.int64(133), np.int64(172), np.int64(179), np.int64(204)], np.float64(16.92181256394591))","([np.int64(179)], np.float64(79.58235465831523))"
69,"([np.int64(4), np.int64(14), np.int64(54), np.int64(101), np.int64(133), np.int64(159), np.int64(227), np.int64(228), np.int64(233), np.int64(249)], np.float64(0.6873452842663633))","([np.int64(101), np.int64(159), np.int64(227), np.int64(228), np.int64(249)], np.float64(4.104478165463352))","([np.int64(101), np.int64(159), np.int64(227), np.int64(228), np.int64(249)], np.float64(5.469329079129497))","([np.int64(62), np.int64(101), np.int64(159), np.int64(204), np.int64(227), np.int64(228), np.int64(233), np.int64(234), np.int64(249)], np.float64(20.565828352729))","([np.int64(101), np.int64(188), np.int64(228), np.int64(249)], np.float64(32.65357210804196))"
70,"([np.int64(172), np.int64(179), np.int64(233), np.int64(246)], np.float64(21.980455017823534))","([np.int64(112), np.int64(172), np.int64(179), np.int64(233), np.int64(246)], np.float64(1.3396803404522077))","([np.int64(112), np.int64(172), np.int64(179), np.int64(233), np.int64(246)], np.float64(8.274938079380917))","([np.int64(0), np.int64(12), np.int64(22), np.int64(66), np.int64(90), np.int64(150), np.int64(169), np.int64(172), np.int64(179), np.int64(182), np.int64(233), np.int64(246)], np.float64(32.527249890400846))","([np.int64(172)], np.float64(64.76863596942626))"
71,"([np.int64(6), np.int64(33), np.int64(92), np.int64(161), np.int64(206), np.int64(230)], np.float64(2.589015733156962))","([np.int64(6), np.int64(33), np.int64(161), np.int64(206), np.int64(230)], np.float64(0.12051872415474697))","([np.int64(6)], np.float64(43.309278928107396))","([np.int64(6), np.int64(48), np.int64(66), np.int64(161), np.int64(168)], np.float64(39.9357080030991))","([], np.float64(43.3629261772176))"
72,"([np.int64(5), np.int64(6), np.int64(105), np.int64(157), np.int64(163), np.int64(206), np.int64(208), np.int64(222)], np.float64(1.9822991908568843))","([np.int64(5), np.int64(6), np.int64(105), np.int64(163), np.int64(208)], np.float64(1.634691256109643))","([np.int64(6), np.int64(105), np.int64(163), np.int64(208)], np.float64(28.873008424591042))","([np.int64(6), np.int64(54), np.int64(105), np.int64(139), np.int64(163), np.int64(206), np.int64(208)], np.float64(22.311733591626414))","([np.int64(6), np.int64(35), np.int64(86), np.int64(163), np.int64(196), np.int64(208), np.int64(212)], np.float64(38.060700438403686))"
73,"([np.int64(22), np.int64(59), np.int64(123), np.int64(195), np.int64(206), np.int64(227)], np.float64(4.91298814830126))","([np.int64(22), np.int64(59), np.int64(123), np.int64(195), np.int64(227)], np.float64(0.2064786623453068))","([np.int64(59), np.int64(123), np.int64(195)], np.float64(31.821893452538074))","([np.int64(13), np.int64(59), np.int64(123), np.int64(126), np.int64(134), np.int64(195), np.int64(227), np.int64(236)], np.float64(24.039757113836647))","([np.int64(123)], np.float64(63.64671139486983))"
74,"([np.int64(4), np.int64(79), np.int64(84), np.int64(108), np.int64(109), np.int64(146), np.int64(206), np.int64(237)], np.float64(3.915130771950336))","([np.int64(79), np.int64(84), np.int64(108), np.int64(146), np.int64(206)], np.float64(0.3988044005111972))","([np.int64(84), np.int64(109), np.int64(206)], np.float64(40.22719072317467))","([np.int64(84), np.int64(94), np.int64(109), np.int64(146), np.int64(243)], np.float64(39.82319016421889))","([np.int64(90), np.int64(109), np.int64(237)], np.float64(66.91732137053812))"
75,"([np.int64(104), np.int64(119), np.int64(159), np.int64(199), np.int64(221)], np.float64(1.1256985453165305))","([np.int64(104), np.int64(119), np.int64(159), np.int64(199), np.int64(221)], np.float64(0.164263979323263))","([np.int64(104), np.int64(119), np.int64(159), np.int64(199), np.int64(221)], np.float64(2.5476875454520367))","([np.int64(53), np.int64(78), np.int64(104), np.int64(119), np.int64(135), np.int64(159), np.int64(199), np.int64(221)], np.float64(14.64594604874751))","([], np.float64(44.28962651413343))"
76,"([np.int64(54), np.int64(74), np.int64(147), np.int64(163), np.int64(172), np.int64(183)], np.float64(3.9561056924354747))","([np.int64(54), np.int64(74), np.int64(147), np.int64(163), np.int64(172)], np.float64(0.08118872010152577))","([np.int64(54), np.int64(74), np.int64(147), np.int64(163), np.int64(172), np.int64(183)], np.float64(26.323494819914654))","([np.int64(42), np.int64(54), np.int64(147), np.int64(163), np.int64(172), np.int64(183)], np.float64(24.13926066901228))","([np.int64(147)], np.float64(68.74763652045542))"
77,"([np.int64(2), np.int64(6), np.int64(8), np.int64(10), np.int64(11), np.int64(14), np.int64(16), np.int64(27), np.int64(33), np.int64(42), np.int64(49), np.int64(51), np.int64(54), np.int64(56), np.int64(57), np.int64(65), np.int64(77), np.int64(78), np.int64(82), np.int64(99), np.int64(100), np.int64(109), np.int64(113), np.int64(115), np.int64(124), np.int64(129), np.int64(139), np.int64(141), np.int64(157), np.int64(175), np.int64(180), np.int64(181), np.int64(185), np.int64(187), np.int64(192), np.int64(195), np.int64(196), np.int64(206), np.int64(208), np.int64(215), np.int64(216), np.int64(217), np.int64(235), np.int64(242), np.int64(243)], np.float64(1.3108784589481843))","([np.int64(109), np.int64(113), np.int64(181), np.int64(187), np.int64(208)], np.float64(0.02850358451366013))","([np.int64(109), np.int64(113), np.int64(181), np.int64(208)], np.float64(29.09605783396466))","([np.int64(109), np.int64(113), np.int64(181), np.int64(187)], np.float64(19.347423136234912))","([np.int64(109), np.int64(113), np.int64(181)], np.float64(30.077933125829986))"
78,"([np.int64(77), np.int64(116), np.int64(141), np.int64(152), np.int64(186)], np.float64(3.7207270984703453))","([np.int64(77), np.int64(116), np.int64(141), np.int64(152), np.int64(186)], np.float64(0.0970770816592775))","([np.int64(77), np.int64(116), np.int64(141), np.int64(152), np.int64(186)], np.float64(18.34325470935623))","([np.int64(17), np.int64(61), np.int64(77), np.int64(103), np.int64(116), np.int64(141), np.int64(152), np.int64(165), np.int64(186), np.int64(190), np.int64(222)], np.float64(24.403340632563232))","([np.int64(116)], np.float64(70.32969111957476))"
79,"([np.int64(77), np.int64(105), np.int64(130), np.int64(139), np.int64(141), np.int64(159), np.int64(188), np.int64(210)], np.float64(1.309101508135335))","([np.int64(130), np.int64(139), np.int64(141), np.int64(188), np.int64(210)], np.float64(0.10207283661279311))","([np.int64(130), np.int64(139), np.int64(141), np.int64(188), np.int64(210)], np.float64(22.12604478345643))","([np.int64(35), np.int64(77), np.int64(83), np.int64(110), np.int64(130), np.int64(139), np.int64(141), np.int64(188), np.int64(210)], np.float64(21.220767679923817))","([np.int64(139), np.int64(221), np.int64(224)], np.float64(48.334795109085796))"
80,"([np.int64(13), np.int64(15), np.int64(17), np.int64(25), np.int64(30), np.int64(38), np.int64(41), np.int64(43), np.int64(60), np.int64(64), np.int64(71), np.int64(84), np.int64(87), np.int64(102), np.int64(109), np.int64(113), np.int64(125), np.int64(137), np.int64(148), np.int64(151), np.int64(162), np.int64(169), np.int64(175), np.int64(193), np.int64(198), np.int64(200), np.int64(203), np.int64(206), np.int64(216), np.int64(217), np.int64(231), np.int64(238), np.int64(240), np.int64(243)], np.float64(1.0418238105037163))","([np.int64(25), np.int64(30), np.int64(151), np.int64(200), np.int64(206)], np.float64(0.37697881781139025))","([np.int64(30), np.int64(200)], np.float64(36.895279754913226))","([np.int64(25), np.int64(30), np.int64(142), np.int64(183), np.int64(200), np.int64(206)], np.float64(21.151574680090725))","([np.int64(200)], np.float64(61.748118144925265))"
81,"([np.int64(1), np.int64(2), np.int64(14), np.int64(16), np.int64(17), np.int64(19), np.int64(30), np.int64(37), np.int64(47), np.int64(61), np.int64(66), np.int64(73), np.int64(75), np.int64(86), np.int64(89), np.int64(92), np.int64(106), np.int64(115), np.int64(116), np.int64(121), np.int64(125), np.int64(136), np.int64(147), np.int64(153), np.int64(165), np.int64(169), np.int64(175), np.int64(182), np.int64(191), np.int64(192), np.int64(198), np.int64(214), np.int64(219), np.int64(228), np.int64(229), np.int64(231), np.int64(241)], np.float64(0.6601658111777))","([np.int64(73), np.int64(182), np.int64(192), np.int64(198), np.int64(229), np.int64(231)], np.float64(0.3430763172001431))","([np.int64(182), np.int64(192), np.int64(198), np.int64(229), np.int64(231)], np.float64(28.14017609370682))","([np.int64(148), np.int64(182), np.int64(192), np.int64(198), np.int64(229)], np.float64(21.397546375578344))","([np.int64(182)], np.float64(66.67427381903195))"
82,"([np.int64(57), np.int64(64), np.int64(70), np.int64(98), np.int64(138), np.int64(154), np.int64(158), np.int64(187), np.int64(192), np.int64(219)], np.float64(1.0096267420545704))","([np.int64(57), np.int64(98), np.int64(138), np.int64(154), np.int64(187)], np.float64(0.11198652281998575))","([np.int64(57), np.int64(98), np.int64(138), np.int64(154), np.int64(187)], np.float64(4.661392645976001))","([np.int64(57), np.int64(78), np.int64(138), np.int64(154), np.int64(158)], np.float64(25.684914409523582))","([np.int64(57), np.int64(138)], np.float64(43.61730769914204))"
83,"([np.int64(17), np.int64(64), np.int64(109), np.int64(139), np.int64(159), np.int64(194), np.int64(216), np.int64(242), np.int64(246)], np.float64(4.877847510562903))","([np.int64(17), np.int64(64), np.int64(109), np.int64(242), np.int64(246)], np.float64(0.9006660956637197))","([np.int64(109)], np.float64(46.54697904299217))","([np.int64(17), np.int64(62), np.int64(109), np.int64(159), np.int64(216), np.int64(219), np.int64(246)], np.float64(38.06314737484882))","([], np.float64(51.61859542020307))"
84,"([np.int64(19), np.int64(35), np.int64(71), np.int64(81), np.int64(124), np.int64(129), np.int64(137), np.int64(165), np.int64(176), np.int64(182), np.int64(200), np.int64(213), np.int64(216), np.int64(224), np.int64(230)], np.float64(0.6243099636867193))","([np.int64(19), np.int64(71), np.int64(81), np.int64(213), np.int64(216), np.int64(224)], np.float64(0.11170027932098123))","([np.int64(19), np.int64(71), np.int64(81), np.int64(213), np.int64(224)], np.float64(20.778217315783667))","([np.int64(19), np.int64(71), np.int64(201), np.int64(213), np.int64(224)], np.float64(19.924410455185715))","([np.int64(71), np.int64(213), np.int64(224)], np.float64(28.508320107617607))"
85,"([np.int64(26), np.int64(77), np.int64(86), np.int64(191), np.int64(217)], np.float64(1.3501067954317258))","([np.int64(26), np.int64(77), np.int64(86), np.int64(191), np.int64(217)], np.float64(0.1415295778335583))","([np.int64(26), np.int64(77), np.int64(86), np.int64(191), np.int64(217)], np.float64(5.238754660810992))","([np.int64(26), np.int64(77), np.int64(86), np.int64(99), np.int64(191), np.int64(203), np.int64(217)], np.float64(18.917830133961395))","([np.int64(26), np.int64(49), np.int64(77), np.int64(117), np.int64(217), np.int64(221), np.int64(235)], np.float64(35.97397880073704))"
86,"([np.int64(21), np.int64(79), np.int64(116), np.int64(168), np.int64(203), np.int64(238)], np.float64(7.64092950568595))","([np.int64(79), np.int64(116), np.int64(168), np.int64(203), np.int64(238)], np.float64(0.3219380218714979))","([np.int64(79), np.int64(116), np.int64(168), np.int64(203), np.int64(238)], np.float64(4.029772760180276))","([np.int64(63), np.int64(79), np.int64(87), np.int64(116), np.int64(168), np.int64(203), np.int64(238)], np.float64(15.986148097927947))","([np.int64(165), np.int64(168), np.int64(169), np.int64(203)], np.float64(44.081001271961306))"
87,"([np.int64(56), np.int64(113), np.int64(144), np.int64(170), np.int64(206), np.int64(208), np.int64(211), np.int64(222)], np.float64(0.922941689356882))","([np.int64(113), np.int64(170), np.int64(206), np.int64(208), np.int64(222)], np.float64(0.4146120226904523))","([np.int64(113), np.int64(170), np.int64(206), np.int64(208), np.int64(222)], np.float64(10.296152604779785))","([np.int64(113), np.int64(136), np.int64(146), np.int64(170), np.int64(206), np.int64(208), np.int64(222), np.int64(249)], np.float64(21.30387251740328))","([np.int64(144), np.int64(165), np.int64(170), np.int64(206), np.int64(222)], np.float64(40.22061662800837))"
88,"([np.int64(5), np.int64(18), np.int64(96), np.int64(104), np.int64(119), np.int64(144), np.int64(170), np.int64(184), np.int64(187), np.int64(203), np.int64(232), np.int64(242)], np.float64(1.1879405764561037))","([np.int64(104), np.int64(119), np.int64(187), np.int64(232), np.int64(242)], np.float64(0.3803217242528017))","([np.int64(104), np.int64(119), np.int64(187), np.int64(232), np.int64(242)], np.float64(9.474939510649081))","([np.int64(52), np.int64(104), np.int64(119), np.int64(144), np.int64(187), np.int64(211), np.int64(232)], np.float64(22.430559044738285))","([], np.float64(46.732771406307094))"
89,"([np.int64(13), np.int64(119), np.int64(126), np.int64(142), np.int64(158), np.int64(161), np.int64(162), np.int64(164), np.int64(172), np.int64(193), np.int64(207)], np.float64(1.4927304092146054))","([np.int64(119), np.int64(161), np.int64(162), np.int64(164), np.int64(193)], np.float64(0.07406084874875839))","([np.int64(119), np.int64(161), np.int64(162), np.int64(164)], np.float64(31.924797318321392))","([np.int64(119), np.int64(128), np.int64(161), np.int64(162), np.int64(164), np.int64(167), np.int64(172), np.int64(178), np.int64(190)], np.float64(22.63134497732203))","([np.int64(37), np.int64(119), np.int64(132), np.int64(162)], np.float64(41.40849343914223))"
90,"([np.int64(145), np.int64(178), np.int64(220), np.int64(227), np.int64(240)], np.float64(4.459046811646611))","([np.int64(145), np.int64(178), np.int64(220), np.int64(227), np.int64(240)], np.float64(0.4694968758457112))","([np.int64(145), np.int64(178), np.int64(220), np.int64(227), np.int64(240)], np.float64(3.8146843924716363))","([np.int64(62), np.int64(145), np.int64(178), np.int64(220), np.int64(227), np.int64(240)], np.float64(13.912986191232399))","([np.int64(178), np.int64(220)], np.float64(47.35751536472309))"
91,"([np.int64(16), np.int64(92), np.int64(94), np.int64(143), np.int64(144), np.int64(207)], np.float64(10.175387749909952))","([np.int64(16), np.int64(92), np.int64(94), np.int64(143), np.int64(207)], np.float64(2.7105995220419454))","([np.int64(16), np.int64(92), np.int64(94), np.int64(143), np.int64(207)], np.float64(25.625271687254802))","([np.int64(74), np.int64(78), np.int64(92), np.int64(94), np.int64(143), np.int64(207)], np.float64(29.965558182999754))","([np.int64(78), np.int64(92)], np.float64(68.75947673824197))"
92,"([np.int64(20), np.int64(28), np.int64(72), np.int64(143), np.int64(198)], np.float64(0.8874024152391907))","([np.int64(20), np.int64(28), np.int64(72), np.int64(143), np.int64(198)], np.float64(0.46607785798429696))","([np.int64(20), np.int64(28), np.int64(72), np.int64(143), np.int64(198)], np.float64(1.8016944094148952))","([np.int64(20), np.int64(28), np.int64(29), np.int64(33), np.int64(72), np.int64(74), np.int64(95), np.int64(198)], np.float64(26.601558409394542))","([np.int64(20), np.int64(28), np.int64(36), np.int64(74), np.int64(180)], np.float64(46.93441106365781))"
93,"([np.int64(54), np.int64(127), np.int64(151), np.int64(172), np.int64(191)], np.float64(26.85020867865883))","([np.int64(54), np.int64(127), np.int64(151), np.int64(172), np.int64(191)], np.float64(2.4579529622478944))","([np.int64(127), np.int64(172), np.int64(191)], np.float64(39.05600911140084))","([np.int64(7), np.int64(54), np.int64(127), np.int64(131), np.int64(151), np.int64(162), np.int64(172), np.int64(191)], np.float64(20.803930569504082))","([np.int64(172)], np.float64(72.44991198074715))"
94,"([np.int64(30), np.int64(94), np.int64(109), np.int64(187), np.int64(224)], np.float64(2.366892144675372))","([np.int64(30), np.int64(94), np.int64(109), np.int64(187), np.int64(224)], np.float64(0.37741903525881343))","([np.int64(30), np.int64(94), np.int64(109), np.int64(187), np.int64(224)], np.float64(4.0248810045728955))","([np.int64(6), np.int64(27), np.int64(30), np.int64(94), np.int64(109), np.int64(144), np.int64(187), np.int64(193), np.int64(224), np.int64(230), np.int64(246)], np.float64(21.301914470806963))","([np.int64(94), np.int64(187), np.int64(224)], np.float64(38.11764073634977))"
95,"([np.int64(17), np.int64(29), np.int64(112), np.int64(126), np.int64(161), np.int64(176), np.int64(206)], np.float64(0.9726384560278497))","([np.int64(17), np.int64(29), np.int64(161), np.int64(176), np.int64(206)], np.float64(0.11156319260992233))","([np.int64(17), np.int64(29), np.int64(161), np.int64(176), np.int64(206)], np.float64(2.9422633853735496))","([np.int64(17), np.int64(29), np.int64(124), np.int64(126), np.int64(161), np.int64(169), np.int64(176), np.int64(206)], np.float64(17.876573704289076))","([np.int64(161), np.int64(169), np.int64(206), np.int64(236)], np.float64(45.38202677280283))"
96,"([np.int64(8), np.int64(10), np.int64(18), np.int64(20), np.int64(23), np.int64(35), np.int64(38), np.int64(43), np.int64(45), np.int64(47), np.int64(50), np.int64(56), np.int64(62), np.int64(67), np.int64(71), np.int64(82), np.int64(83), np.int64(90), np.int64(97), np.int64(103), np.int64(105), np.int64(106), np.int64(112), np.int64(113), np.int64(119), np.int64(120), np.int64(130), np.int64(131), np.int64(139), np.int64(142), np.int64(144), np.int64(145), np.int64(146), np.int64(173), np.int64(179), np.int64(182), np.int64(196), np.int64(198), np.int64(204), np.int64(207), np.int64(211), np.int64(216), np.int64(217), np.int64(229), np.int64(230), np.int64(233), np.int64(235), np.int64(242), np.int64(248)], np.float64(1.6920619186013266))","([np.int64(50), np.int64(82), np.int64(105), np.int64(130), np.int64(233), np.int64(235)], np.float64(0.6496323381051619))","([np.int64(50), np.int64(82), np.int64(105), np.int64(233)], np.float64(31.879754875715545))","([np.int64(38), np.int64(50), np.int64(82), np.int64(105), np.int64(109), np.int64(165), np.int64(233)], np.float64(22.734762413923203))","([np.int64(82), np.int64(92), np.int64(105), np.int64(131), np.int64(233)], np.float64(30.83150881710591))"
97,"([np.int64(0), np.int64(5), np.int64(31), np.int64(88), np.int64(93), np.int64(225)], np.float64(1.721525934356582))","([np.int64(5), np.int64(31), np.int64(88), np.int64(93), np.int64(225)], np.float64(0.8276343972953315))","([np.int64(5), np.int64(31), np.int64(88), np.int64(93), np.int64(225)], np.float64(4.522738387406872))","([np.int64(5), np.int64(31), np.int64(88), np.int64(93), np.int64(156), np.int64(161), np.int64(225)], np.float64(16.01986210340688))","([np.int64(93)], np.float64(67.0992742018085))"
98,"([np.int64(35), np.int64(50), np.int64(52), np.int64(71), np.int64(82), np.int64(88), np.int64(139), np.int64(159), np.int64(193), np.int64(207), np.int64(213), np.int64(223), np.int64(225), np.int64(235)], np.float64(0.3436165642415551))","([np.int64(35), np.int64(82), np.int64(213), np.int64(225), np.int64(235)], np.float64(0.08838385249156243))","([np.int64(35), np.int64(82), np.int64(213), np.int64(225), np.int64(235)], np.float64(1.973610278551322))","([np.int64(35), np.int64(82), np.int64(213), np.int64(225)], np.float64(16.28432074014958))","([], np.float64(44.034159877366186))"
99,"([np.int64(19), np.int64(81), np.int64(86), np.int64(193), np.int64(215), np.int64(230), np.int64(233)], np.float64(2.3020035539008896))","([np.int64(81), np.int64(86), np.int64(193), np.int64(230), np.int64(233)], np.float64(0.9629273354087196))","([np.int64(81), np.int64(86), np.int64(230), np.int64(233)], np.float64(23.204327995769397))","([np.int64(81), np.int64(86), np.int64(213), np.int64(230), np.int64(233)], np.float64(24.46489803702097))","([np.int64(86), np.int64(213)], np.float64(61.098951599187366))"
